date_kst,rank,brand,product_name,price_current_usd,price_original_usd,discount_rate_pct,value_price_usd,has_value_price,product_url,image_url
2025-08-14,1,"1
						
						
						
					
					
						
							beplain Mung Bean pH-Balancing Cleansing Foam 160ml+160ml
							bag
						
						
							US$31.00
									US$28.49",beplain Mung Bean pH-Balancing Cleansing Foam 160ml+160ml,1,97.0,98.97,,False,https://global.oliveyoung.com/product/detail?prdtNo=GA250329175,https://cdn-image.oliveyoung.com/prdtImg/1539/8ee42d95-fc77-44f7-9006-e6fa2ce6de53.jpg?RS=810x810&AR=0&SF=webp&QT=80
2025-08-14,2,"1
						
						
						
					
					
						
							beplain Mung Bean pH-Balancing Cleansing Foam 160ml+160ml
							bag
						
						
							US$31.00
									US$28.49",beplain Mung Bean pH-Balancing Cleansing Foam 160ml+160ml,1,97.0,98.97,,False,https://global.oliveyoung.com/product/detail?prdtNo=GA250732129,https://cdn-image.oliveyoung.com/prdtImg/1539/8ee42d95-fc77-44f7-9006-e6fa2ce6de53.jpg?RS=810x810&AR=0&SF=webp&QT=80
2025-08-14,3,"1
						
						
						
					
					
						
							beplain Mung Bean pH-Balancing Cleansing Foam 160ml+160ml
							bag
						
						
							US$31.00
									US$28.49",beplain Mung Bean pH-Balancing Cleansing Foam 160ml+160ml,1,97.0,98.97,,False,https://global.oliveyoung.com/product/detail?prdtNo=GA250732222,https://cdn-image.oliveyoung.com/prdtImg/1539/8ee42d95-fc77-44f7-9006-e6fa2ce6de53.jpg?RS=810x810&AR=0&SF=webp&QT=80
2025-08-14,4,"1
						
						
						
					
					
						
							beplain Mung Bean pH-Balancing Cleansing Foam 160ml+160ml
							bag
						
						
							US$31.00
									US$28.49",beplain Mung Bean pH-Balancing Cleansing Foam 160ml+160ml,1,97.0,98.97,,False,https://global.oliveyoung.com/product/detail?prdtNo=GA221016470,https://cdn-image.oliveyoung.com/prdtImg/1539/8ee42d95-fc77-44f7-9006-e6fa2ce6de53.jpg?RS=810x810&AR=0&SF=webp&QT=80
2025-08-14,5,"1
						
						
						
					
					
						
							beplain Mung Bean pH-Balancing Cleansing Foam 160ml+160ml
							bag
						
						
							US$31.00
									US$28.49",beplain Mung Bean pH-Balancing Cleansing Foam 160ml+160ml,1,97.0,98.97,,False,https://global.oliveyoung.com/product/detail?prdtNo=GA250732245,https://cdn-image.oliveyoung.com/prdtImg/1539/8ee42d95-fc77-44f7-9006-e6fa2ce6de53.jpg?RS=810x810&AR=0&SF=webp&QT=80
2025-08-14,6,"1
						
						
						
					
					
						
							beplain Mung Bean pH-Balancing Cleansing Foam 160ml+160ml
							bag
						
						
							US$31.00
									US$28.49",beplain Mung Bean pH-Balancing Cleansing Foam 160ml+160ml,1,97.0,98.97,,False,https://global.oliveyoung.com/product/detail?prdtNo=GA250128024,https://cdn-image.oliveyoung.com/prdtImg/1539/8ee42d95-fc77-44f7-9006-e6fa2ce6de53.jpg?RS=810x810&AR=0&SF=webp&QT=80
2025-08-14,7,"AESTURA
					  AESTURA Atobarrier 365 Cream 80mL",AESTURA Atobarrier 365 Cream 80mL,44,44.0,0.0,,False,https://global.oliveyoung.com/product/detail?prdtNo=GA240121573,https://dist.oliveyoung.com/fo/c467fea223/resources/images/common/load.png
2025-08-14,8,"Anua
					  Anua Niacinamide 10%+TXA 4% Dark Spot Correcting Serum 30ml Special Set (+PDRN Hyaluronic Capsule 100 Serum 5ml)",Anua Niacinamide 10%+TXA 4% Dark Spot Correcting Serum 30ml Special Set (+PDRN Hyaluronic Capsule 100 Serum 5ml),18,75.0,76.0,,False,https://global.oliveyoung.com/product/detail?prdtNo=GA241126972,https://dist.oliveyoung.com/fo/c467fea223/resources/images/common/load.png
2025-08-14,9,"FOODOLOGY
					  FOODOLOGY Coleology Cutting Jelly 10 Sticks (+2 Sticks) (12-day supply)",FOODOLOGY Coleology Cutting Jelly 10 Sticks (+2 Sticks) (12-day supply),2,28.0,92.86,,False,https://global.oliveyoung.com/product/detail?prdtNo=GA230418329,https://dist.oliveyoung.com/fo/c467fea223/resources/images/common/load.png
2025-08-14,10,"numbuzin
					  numbuzin No.5+ Vitamin Concentrated Serum 30mL+30mL Duo Set",numbuzin No.5+ Vitamin Concentrated Serum 30mL+30mL Duo Set,28,42.0,33.33,,False,https://global.oliveyoung.com/product/detail?prdtNo=GA230820183,https://dist.oliveyoung.com/fo/c467fea223/resources/images/common/load.png
2025-08-14,11,"REJURAN
					  REJURAN Healer Turnover Ampoule Dual Effect 10ml Double Pack (+5ml+1ml*3)",REJURAN Healer Turnover Ampoule Dual Effect 10ml Double Pack (+5ml+1ml*3),58,58.0,0.0,,False,https://global.oliveyoung.com/product/detail?prdtNo=GA250329130,https://dist.oliveyoung.com/fo/c467fea223/resources/images/common/load.png
2025-08-14,12,"Dr. Althea
					  Dr. Althea 345 Relief Cream 50ml Double Pack",Dr. Althea 345 Relief Cream 50ml Double Pack,50,70.0,28.57,,False,https://global.oliveyoung.com/product/detail?prdtNo=GA250530938,https://cdn-image.oliveyoung.com/prdtImg/1411/60d96273-581d-4dee-aad6-8a2da565ea6e.jpg?RS=810x810&AR=0&SF=webp&QT=80
2025-08-14,13,"UNOVE
					  [Spring EDITION] UNOVE Deep Damage Treatment EX 320ml Duo Set (Cherry Blossom/Tender Bloom)",[Spring EDITION] UNOVE Deep Damage Treatment EX 320ml Duo Set (Cherry Blossom/Tender Bloom),34,76.0,55.26,,False,https://global.oliveyoung.com/product/detail?prdtNo=GA250228730,https://cdn-image.oliveyoung.com/prdtImg/1914/41c0cb35-4b67-4d50-a4a4-1573d7dfb10f.jpg?RS=810x810&AR=0&SF=webp&QT=80
2025-08-14,14,"Dr.G
					  Dr.G Red Blemish Clear Soothing Cream 70ml 1+1 Set (+Tube 70ml+Serum 10ml+Gel Mask Sheet 1ea+Spot Deco Patch)",Dr.G Red Blemish Clear Soothing Cream 70ml 1+1 Set (+Tube 70ml+Serum 10ml+Gel Mask Sheet 1ea+Spot Deco Patch),31,44.0,29.55,,False,https://global.oliveyoung.com/product/detail?prdtNo=GA250531055,https://cdn-image.oliveyoung.com/prdtImg/1085/63150cee-b2f9-4aac-9929-fbbb94f3090f.jpg?RS=810x810&AR=0&SF=webp&QT=80
2025-08-14,15,"LACTO-FIT
					  LACTO-FIT Probiotics Gold Family Pack 130 Sticks (130-day supply)",LACTO-FIT Probiotics Gold Family Pack 130 Sticks (130-day supply),33,79.0,58.23,,False,https://global.oliveyoung.com/product/detail?prdtNo=GA250631353,https://cdn-image.oliveyoung.com/prdtImg/1826/6f6635fd-60a8-4c7c-a38b-8623fb263d8f.jpg?RS=810x810&AR=0&SF=webp&QT=80
2025-08-14,16,"numbuzin
					  [Duo Set] numbuzin No. 1 Clear Filter Sun Essence SPF50+ PA++++ 50mL + 50mL Duo Set",[Duo Set] numbuzin No. 1 Clear Filter Sun Essence SPF50+ PA++++ 50mL + 50mL Duo Set,24,30.0,20.0,,False,https://global.oliveyoung.com/product/detail?prdtNo=GA230518528,https://cdn-image.oliveyoung.com/prdtImg/1079/32ba91c2-0aff-4a63-bcf2-cc518fa4b615.jpg?RS=810x810&AR=0&SF=webp&QT=80
2025-08-14,17,"SKIN1004
					  SKIN1004 Madagascar Centella Hyalu-Cica Water-Fit Sun Serum 100mL",SKIN1004 Madagascar Centella Hyalu-Cica Water-Fit Sun Serum 100mL,10,26.0,61.54,,False,https://global.oliveyoung.com/product/detail?prdtNo=GA240724745,https://cdn-image.oliveyoung.com/prdtImg/1618/86096204-4cd8-4127-9053-105eb0d290e8.jpg?RS=810x810&AR=0&SF=webp&QT=80
2025-08-14,18,"Torriden
					  Torriden Dive-In Low Molecule Hyaluronic Acid Mask Sheet 10ea",Torriden Dive-In Low Molecule Hyaluronic Acid Mask Sheet 10ea,17,50.0,66.0,,False,https://global.oliveyoung.com/product/detail?prdtNo=GA211012131,https://cdn-image.oliveyoung.com/prdtImg/1949/c7fa6a05-f643-4cca-94cd-10c6db5e7477.jpg?RS=810x810&AR=0&SF=webp&QT=80
2025-08-14,19,"MEDIHEAL
					  MEDIHEAL Madecassoside Essential Mask Sheet Blemish Repair 10ea Set (+1ea) (OY-Exclusive)",MEDIHEAL Madecassoside Essential Mask Sheet Blemish Repair 10ea Set (+1ea) (OY-Exclusive),13,50.0,74.0,,False,https://global.oliveyoung.com/product/detail?prdtNo=GA240824996,https://cdn-image.oliveyoung.com/prdtImg/1515/f99e0d86-03f4-4800-b231-b8ca82106f9a.jpg?RS=810x810&AR=0&SF=webp&QT=80
2025-08-14,20,"Ryo
					  Ryo Root:Gen Hair Loss Care Scalp Essence 80mL Double Set",Ryo Root:Gen Hair Loss Care Scalp Essence 80mL Double Set,27,62.0,56.45,,False,https://global.oliveyoung.com/product/detail?prdtNo=GA231221447,https://cdn-image.oliveyoung.com/prdtImg/1855/75dd0ebf-45af-4b43-9507-4cc0731c3f17.jpg?RS=810x810&AR=0&SF=webp&QT=80
2025-08-14,21,"Dr.G
					  Dr.G Red Blemish Clear Soothing Cream & Blemish Soothing Cream Duo Set",Dr.G Red Blemish Clear Soothing Cream & Blemish Soothing Cream Duo Set,44,80.0,45.0,80.0,True,https://global.oliveyoung.com/product/detail?prdtNo=GS250732273,https://cdn-image.oliveyoung.com/prdtImg/1244/307859cc-6558-497f-b0ea-f01d8771cc02.jpg?RS=810x810&AR=0&SF=webp&QT=80
2025-08-14,22,"Dr.G
					  Dr.G Red Blemish Clear Soothing Cream & Bakuchiol Pore-Jet Cream Duo Set",Dr.G Red Blemish Clear Soothing Cream & Bakuchiol Pore-Jet Cream Duo Set,44,90.0,51.11,90.0,True,https://global.oliveyoung.com/product/detail?prdtNo=GS250732274,https://cdn-image.oliveyoung.com/prdtImg/1693/34a973bf-c341-447b-a0b7-127ad013fd39.jpg?RS=810x810&AR=0&SF=webp&QT=80
2025-08-14,23,"UNOVE
					  UNOVE Deep Damage Repair Shampoo 500g Due Set (Sweet Breeze/Rosy Aura)",UNOVE Deep Damage Repair Shampoo 500g Due Set (Sweet Breeze/Rosy Aura),31,52.0,40.38,,False,https://global.oliveyoung.com/product/detail?prdtNo=GA250530907,https://cdn-image.oliveyoung.com/prdtImg/1197/a1bec332-293c-433e-a9a1-9030ec670c63.jpg?RS=810x810&AR=0&SF=webp&QT=80
2025-08-14,24,"SUNGBOON EDITOR
					  [POKEMON EDITION] SUNGBOON EDITOR Green Tomato NMN Pore Lifting Ampoule 40ml Double Pack (+Keyring Pouch)",[POKEMON EDITION] SUNGBOON EDITOR Green Tomato NMN Pore Lifting Ampoule 40ml Double Pack (+Keyring Pouch),21,42.0,50.0,,False,https://global.oliveyoung.com/product/detail?prdtNo=GA250732242,https://cdn-image.oliveyoung.com/prdtImg/1729/83137817-039c-497f-ace5-179b38f84a2e.jpg?RS=810x810&AR=0&SF=webp&QT=80
2025-08-14,25,"LABO-H
					  [Tanning Pompompurin] Hair Loss Care Shampoo Scalp Strenghtening 750ml (+125ml)",[Tanning Pompompurin] Hair Loss Care Shampoo Scalp Strenghtening 750ml (+125ml),21,42.0,50.0,,False,https://global.oliveyoung.com/product/detail?prdtNo=GA250631501,https://cdn-image.oliveyoung.com/prdtImg/1041/fa1fa2ac-b509-48fa-a671-aa3fd8af3d9a.jpg?RS=810x810&AR=0&SF=webp&QT=80
2025-08-14,26,"Dr. Althea
					  Dr. Althea 345 Relief Cream 50ml",Dr. Althea 345 Relief Cream 50ml,28,72.0,61.11,,False,https://global.oliveyoung.com/product/detail?prdtNo=GA241227041,https://cdn-image.oliveyoung.com/prdtImg/1840/50944797-1969-46bc-8847-b057ebd5358c.jpg?RS=810x810&AR=0&SF=webp&QT=80
2025-08-14,27,"BIODANCE
					  BIODANCE Bio Collagen Real Deep Mask Sheet 16P",BIODANCE Bio Collagen Real Deep Mask Sheet 16P,73,83.0,12.05,,False,https://global.oliveyoung.com/product/detail?prdtNo=GA230518544,https://cdn-image.oliveyoung.com/prdtImg/1283/516bb09f-3ee1-4665-ac5a-5dcad234d2de.jpg?RS=810x810&AR=0&SF=webp&QT=80
2025-08-14,28,"ROUND LAB
					  [DOUBLE] ROUND LAB 1025 Dokdo Cleanser 200ml Double Set",[DOUBLE] ROUND LAB 1025 Dokdo Cleanser 200ml Double Set,28,34.0,17.65,,False,https://global.oliveyoung.com/product/detail?prdtNo=GA220414579,https://cdn-image.oliveyoung.com/prdtImg/1678/eff3b9c4-600d-415d-b653-6306dafca260.jpg?RS=810x810&AR=0&SF=webp&QT=80
2025-08-14,29,"Isntree
					  Isntree Hyaluronic Acid Watery Sun Gel Double Set (50mL+50mL)",Isntree Hyaluronic Acid Watery Sun Gel Double Set (50mL+50mL),10,39.1,74.42,,False,https://global.oliveyoung.com/product/detail?prdtNo=GA230920295,https://cdn-image.oliveyoung.com/prdtImg/1449/7cc2110c-4cd8-4d12-ace3-d6661b9cd31b.jpg?RS=810x810&AR=0&SF=webp&QT=80
2025-08-14,30,"Dr.G
					  Dr.G Red Blemish Clear Soothing Cream & Moisture Cream Duo Set",Dr.G Red Blemish Clear Soothing Cream & Moisture Cream Duo Set,44,88.0,50.0,88.0,True,https://global.oliveyoung.com/product/detail?prdtNo=GS250732272,https://dist.oliveyoung.com/fo/c467fea223/resources/images/common/load.png
2025-08-14,31,"ma:nyo
					  ma:nyo Pure Cleansing Oil 200ml Double Pack",ma:nyo Pure Cleansing Oil 200ml Double Pack,10,43.0,76.74,,False,https://global.oliveyoung.com/product/detail?prdtNo=GA240724566,https://dist.oliveyoung.com/fo/c467fea223/resources/images/common/load.png
2025-08-14,32,"so natural
					  SONATURAL  ALL DAY TIGHT MAKE UP SETTING FIXER 75ml  (No-gas Type)",SONATURAL ALL DAY TIGHT MAKE UP SETTING FIXER 75ml (No-gas Type),16,80.0,80.0,,False,https://global.oliveyoung.com/product/detail?prdtNo=GA250228724,https://dist.oliveyoung.com/fo/c467fea223/resources/images/common/load.png
2025-08-14,33,"Arencia
					  Arencia Fresh Green Rice Mochi Cleanser 120g Set (+Rosehip Cleanser 15g)",Arencia Fresh Green Rice Mochi Cleanser 120g Set (+Rosehip Cleanser 15g),15,23.0,34.78,,False,https://global.oliveyoung.com/product/detail?prdtNo=GA241227085,https://dist.oliveyoung.com/fo/c467fea223/resources/images/common/load.png
2025-08-14,34,"ILLIYOON
					  ILLIYOON Ceramide Ato Lotion 334mL + 100mL",ILLIYOON Ceramide Ato Lotion 334mL + 100mL,16,22.0,27.27,,False,https://global.oliveyoung.com/product/detail?prdtNo=GA210911943,https://dist.oliveyoung.com/fo/c467fea223/resources/images/common/load.png
2025-08-14,35,"d'Alba
					  d'Alba Waterful Tone Up Sun Cream Purple 50mL Duo Set",d'Alba Waterful Tone Up Sun Cream Purple 50mL Duo Set,30,59.0,49.15,,False,https://global.oliveyoung.com/product/detail?prdtNo=GA240222109,https://dist.oliveyoung.com/fo/c467fea223/resources/images/common/load.png
2025-08-14,36,"MEDIHEAL
					  MEDIHEAL Collagen Essential Mask Sheet Core Firming 20ea",MEDIHEAL Collagen Essential Mask Sheet Core Firming 20ea,26,53.0,50.94,,False,https://global.oliveyoung.com/product/detail?prdtNo=GA250429964,https://dist.oliveyoung.com/fo/c467fea223/resources/images/common/load.png
2025-08-14,37,"rom&nd
					  rom&nd The Juicy Lasting Tint 3.5g",rom&nd The Juicy Lasting Tint 3.5g,16,99.0,83.84,,False,https://global.oliveyoung.com/product/detail?prdtNo=GA241126576,https://dist.oliveyoung.com/fo/c467fea223/resources/images/common/load.png
2025-08-14,38,"CLIO
					  CLIO Sharp So Simple Waterproof Pencil Liner",CLIO Sharp So Simple Waterproof Pencil Liner,7,70.0,90.0,,False,https://global.oliveyoung.com/product/detail?prdtNo=GA240121726,https://dist.oliveyoung.com/fo/c467fea223/resources/images/common/load.png
2025-08-14,39,"Anua
					  Anua PDRN Hyaluronic Capsule 100 Serum 30ml Refill Set",Anua PDRN Hyaluronic Capsule 100 Serum 30ml Refill Set,20,48.0,58.33,,False,https://global.oliveyoung.com/product/detail?prdtNo=GA250329148,https://dist.oliveyoung.com/fo/c467fea223/resources/images/common/load.png
2025-08-14,40,"I'm Vita
					  ★2024 Awards★I’m Vita Multi Vitamin Immune Shot 12 Vials Set (+4day)",★2024 Awards★I’m Vita Multi Vitamin Immune Shot 12 Vials Set (+4day),40,82.0,51.22,,False,https://global.oliveyoung.com/product/detail?prdtNo=GA241126849,https://dist.oliveyoung.com/fo/c467fea223/resources/images/common/load.png
2025-08-14,41,"Flimeal
					  Flimeal Protein Shake 45g",Flimeal Protein Shake 45g,4,23.0,82.61,,False,https://global.oliveyoung.com/product/detail?prdtNo=GA240122024,https://dist.oliveyoung.com/fo/c467fea223/resources/images/common/load.png
2025-08-14,42,"UNOVE
					  UNOVE Deep Damage Treatment EX 320mL Double Pack",UNOVE Deep Damage Treatment EX 320mL Double Pack,34,76.0,55.26,,False,https://global.oliveyoung.com/product/detail?prdtNo=GA220916169,https://dist.oliveyoung.com/fo/c467fea223/resources/images/common/load.png
2025-08-14,43,"ROUND LAB
					  ROUND LAB Birch Juice Moisturizing Sun Stick 19g Double Set",ROUND LAB Birch Juice Moisturizing Sun Stick 19g Double Set,27,99.0,72.73,,False,https://global.oliveyoung.com/product/detail?prdtNo=GA240322554,https://dist.oliveyoung.com/fo/c467fea223/resources/images/common/load.png
2025-08-14,44,"d'Alba
					  d'Alba Waterfull Tone-Up Sun Cream Duo Set (50mL+50mL)",d'Alba Waterfull Tone-Up Sun Cream Duo Set (50mL+50mL),59,59.0,0.0,,False,https://global.oliveyoung.com/product/detail?prdtNo=GA220414400,https://dist.oliveyoung.com/fo/c467fea223/resources/images/common/load.png
2025-08-14,45,"medicube
					  medicube Zero Pore Pad 2.0 70P Refill Set",medicube Zero Pore Pad 2.0 70P Refill Set,38,53.0,28.3,,False,https://global.oliveyoung.com/product/detail?prdtNo=GA240624216,https://cdn-image.oliveyoung.com/prdtImg/1154/757e13d9-c2ce-4937-a970-3eb3adb4a4d2.jpg?RS=810x810&AR=0&SF=webp&QT=80
2025-08-14,46,"Centellian24
					  Centellian24 Madeca Cream Time Reverse Special Set (Madeca Lab Mask Sheet 1P+ Time Reverse Cream 15mL)",Centellian24 Madeca Cream Time Reverse Special Set (Madeca Lab Mask Sheet 1P+ Time Reverse Cream 15mL),20,44.0,54.55,,False,https://global.oliveyoung.com/product/detail?prdtNo=GA240121791,https://cdn-image.oliveyoung.com/prdtImg/1626/9526cc2d-a2e1-4e1a-89a3-07d2c28d2993.jpg?RS=810x810&AR=0&SF=webp&QT=80
2025-08-14,47,"ongredients
					  ongredients Skin Barrier Calming Lotion Set (220ml+80ml)",ongredients Skin Barrier Calming Lotion Set (220ml+80ml),39,93.0,58.06,,False,https://global.oliveyoung.com/product/detail?prdtNo=GA240623982,https://cdn-image.oliveyoung.com/prdtImg/1326/7d7fc0f5-442f-4db9-a75f-169a0482f307.jpg?RS=810x810&AR=0&SF=webp&QT=80
2025-08-14,48,"ROUND LAB
					  ROUND LAB Birch Juice Moisturizing Cream 120mL Jumbo Size Set (+Birch Juice Moisturizing Pad*4ea)",ROUND LAB Birch Juice Moisturizing Cream 120mL Jumbo Size Set (+Birch Juice Moisturizing Pad*4ea),32,50.0,36.0,,False,https://global.oliveyoung.com/product/detail?prdtNo=GA220514793,https://cdn-image.oliveyoung.com/prdtImg/1130/5c9703bc-fff3-49eb-9d8a-711c0039245b.jpg?RS=810x810&AR=0&SF=webp&QT=80
2025-08-14,49,"House of Hur
					  [1+1] House of Hur Weightless Sun Fluid 50ml",[1+1] House of Hur Weightless Sun Fluid 50ml,29,38.0,23.68,38.0,True,https://global.oliveyoung.com/product/detail?prdtNo=GS250631495,https://cdn-image.oliveyoung.com/prdtImg/1195/20ac1dce-c52b-4a20-ab89-8be9e42b7006.png?RS=810x810&AR=0&SF=webp&QT=80
2025-08-14,50,"ROUND LAB
					  ROUND LAB 1025 Dokdo Toner Jumbo Size 500ml (Free Gift: Toner 100ml)",ROUND LAB 1025 Dokdo Toner Jumbo Size 500ml (Free Gift: Toner 100ml),32,40.0,20.0,,False,https://global.oliveyoung.com/product/detail?prdtNo=GA210002626,https://cdn-image.oliveyoung.com/prdtImg/1483/82b631a5-5c35-4972-96df-9ae8dc54a983.jpg?RS=810x810&AR=0&SF=webp&QT=80
2025-08-14,51,"lilyeve
					  lilyeve Grow Turn Ampoule 100ml Set (+Refill 100ml)",lilyeve Grow Turn Ampoule 100ml Set (+Refill 100ml),46,46.0,0.0,,False,https://global.oliveyoung.com/product/detail?prdtNo=GA250228571,https://cdn-image.oliveyoung.com/prdtImg/1167/5213ff08-5c92-487f-8699-4b6de772d0e2.jpg?RS=810x810&AR=0&SF=webp&QT=80
2025-08-14,52,"Dr. twentyproject
					  Dr.twentyproject Lifderm Auto Eye Cream 20mL",Dr.twentyproject Lifderm Auto Eye Cream 20mL,20,49.0,59.18,,False,https://global.oliveyoung.com/product/detail?prdtNo=GA230518657,https://cdn-image.oliveyoung.com/prdtImg/1339/b4d337be-c64e-49e5-844f-62a7c0ceb6ea.jpg?RS=810x810&AR=0&SF=webp&QT=80
2025-08-14,53,"BIODANCE
					  BIODANCE Bio-Collagen Real Deep Mask Sheet 7P Set (+Sea Kelp Mask)",BIODANCE Bio-Collagen Real Deep Mask Sheet 7P Set (+Sea Kelp Mask),31,60.0,48.33,,False,https://global.oliveyoung.com/product/detail?prdtNo=GA250631719,https://cdn-image.oliveyoung.com/prdtImg/1361/6e38b99e-15b3-465f-accd-e67fbd33c29d.jpg?RS=810x810&AR=0&SF=webp&QT=80
2025-08-14,54,"SUNGBOON EDITOR
					  [POKEMON EDITION] SUNGBOON EDITOR Silk Peptide EGF Heart-Fit Volume Lifting Ampoule 40ml Double Pack (+Keyring Pouch)",[POKEMON EDITION] SUNGBOON EDITOR Silk Peptide EGF Heart-Fit Volume Lifting Ampoule 40ml Double Pack (+Keyring Pouch),33,60.0,45.0,,False,https://global.oliveyoung.com/product/detail?prdtNo=GA250732363,https://cdn-image.oliveyoung.com/prdtImg/1527/5ebf3613-6242-480f-8eb8-fb7aa1bc670f.jpg?RS=810x810&AR=0&SF=webp&QT=80
2025-08-14,55,"ilso
					  ilso Super Melting Sebum Softener 150ml Set (+Cotton Pad 40P+Pore Tension Mask Sheet 1ea)",ilso Super Melting Sebum Softener 150ml Set (+Cotton Pad 40P+Pore Tension Mask Sheet 1ea),21,34.0,38.24,,False,https://global.oliveyoung.com/product/detail?prdtNo=GA250530726,https://cdn-image.oliveyoung.com/prdtImg/1751/d57b1e55-ca39-4c80-ab96-68f22a317b1a.jpg?RS=810x810&AR=0&SF=webp&QT=80
2025-08-14,56,"Anua
					  Anua Heartleaf Pore Control Cleansing Oil 350mL",Anua Heartleaf Pore Control Cleansing Oil 350mL,17,34.0,50.0,,False,https://global.oliveyoung.com/product/detail?prdtNo=GA231020697,https://cdn-image.oliveyoung.com/prdtImg/1793/d3a9a0ae-ee8a-41fe-9b40-de23f3e64d3e.jpg?RS=810x810&AR=0&SF=webp&QT=80
2025-08-14,57,"S.NATURE
					  S.NATURE Aqua Squalane Moisturizing Cream 60ml Triple Pack (+Calming Pad 2P)",S.NATURE Aqua Squalane Moisturizing Cream 60ml Triple Pack (+Calming Pad 2P),40,91.0,56.04,,False,https://global.oliveyoung.com/product/detail?prdtNo=GA250531040,https://cdn-image.oliveyoung.com/prdtImg/1779/4bd378f9-a30b-49cf-ba94-9f6834489d34.jpg?RS=810x810&AR=0&SF=webp&QT=80
2025-08-14,58,"SKIN1004
					  SKIN1004 Madagascar Centella Ampoule 100ml",SKIN1004 Madagascar Centella Ampoule 100ml,18,70.0,74.29,,False,https://global.oliveyoung.com/product/detail?prdtNo=GA250127893,https://cdn-image.oliveyoung.com/prdtImg/1234/8a16c20e-523a-4811-b53d-93d659c96c6f.jpg?RS=810x810&AR=0&SF=webp&QT=80
2025-08-14,59,"3CE
					  3CE Fitting Mesh Cushion",3CE Fitting Mesh Cushion,30,75.0,60.0,,False,https://global.oliveyoung.com/product/detail?prdtNo=GA240724655,https://cdn-image.oliveyoung.com/prdtImg/1929/bec0f50a-2579-40c8-8990-e1348c433bc0.jpg?RS=810x810&AR=0&SF=webp&QT=80
2025-08-14,60,"MEDIHEAL
					  [TANNING KUROMI EDITION] MEDIHEAL PDRN Lifting Pad 100P Double Pack (+Market Bag)",[TANNING KUROMI EDITION] MEDIHEAL PDRN Lifting Pad 100P Double Pack (+Market Bag),4,47.0,91.49,,False,https://global.oliveyoung.com/product/detail?prdtNo=GA250631467,https://cdn-image.oliveyoung.com/prdtImg/1189/229b2b58-f17d-4bdb-9d7c-1d891c174b92.jpg?RS=810x810&AR=0&SF=webp&QT=80
2025-08-14,61,"BIOHEAL BOH
					  BIOHEAL BOH Probioderm 3D Lifting Cream 50mL Refill Set",BIOHEAL BOH Probioderm 3D Lifting Cream 50mL Refill Set,31,82.0,62.2,,False,https://global.oliveyoung.com/product/detail?prdtNo=GA240121787,https://cdn-image.oliveyoung.com/prdtImg/1651/af16037b-a9c1-4c13-ab99-758e6aece739.jpg?RS=810x810&AR=0&SF=webp&QT=80
2025-08-14,62,"Dr.G
					  Dr.G Green Mild Up Sun+ Special Set",Dr.G Green Mild Up Sun+ Special Set,22,95.0,76.84,,False,https://global.oliveyoung.com/product/detail?prdtNo=GA230217716,https://cdn-image.oliveyoung.com/prdtImg/1084/511dc70d-2b95-4173-a446-52739fa1745d.jpg?RS=810x810&AR=0&SF=webp&QT=80
2025-08-14,63,"VT
					  VT Reedle Shot 300 Essence 50mL",VT Reedle Shot 300 Essence 50mL,33,76.0,56.58,,False,https://global.oliveyoung.com/product/detail?prdtNo=GA230820054,https://cdn-image.oliveyoung.com/prdtImg/1865/60d1c434-6cc9-4cf0-a4ed-09be2c77043e.jpg?RS=810x810&AR=0&SF=webp&QT=80
2025-08-14,64,"DERMALINE
					  DERMALINE D'LEXO PDRN Solution Activating Toner 200 ml",DERMALINE D'LEXO PDRN Solution Activating Toner 200 ml,26,64.0,59.38,,False,https://global.oliveyoung.com/product/detail?prdtNo=GA241026314,https://cdn-image.oliveyoung.com/prdtImg/1579/2fc9f691-9eff-4b9a-8223-e13e04163431.jpg?RS=810x810&AR=0&SF=webp&QT=80
2025-08-14,65,"MEDIHEAL
					  MEDIHEAL Toner Pad 100+200 Pads Triple Pack (3types)",MEDIHEAL Toner Pad 100+200 Pads Triple Pack (3types),48,95.0,49.47,,False,https://global.oliveyoung.com/product/detail?prdtNo=GA240624205,https://dist.oliveyoung.com/fo/c467fea223/resources/images/common/load.png
2025-08-14,66,"Beauty of Joseon
					  beauty of joseon Matte sun stick : Mugwort + Camelia Double Pack",beauty of joseon Matte sun stick : Mugwort + Camelia Double Pack,27,30.0,10.0,,False,https://global.oliveyoung.com/product/detail?prdtNo=GA240825347,https://dist.oliveyoung.com/fo/c467fea223/resources/images/common/load.png
2025-08-14,67,"BRINGGREEN
					  BRINGGREEN Zinc Teca Blemish Serum 50ml + Refill 25ml (+Tea Tree Pads 20P+Pad Case)",BRINGGREEN Zinc Teca Blemish Serum 50ml + Refill 25ml (+Tea Tree Pads 20P+Pad Case),34,65.0,47.69,,False,https://global.oliveyoung.com/product/detail?prdtNo=GA250228437,https://dist.oliveyoung.com/fo/c467fea223/resources/images/common/load.png
2025-08-14,68,"SUNGBOON EDITOR
					  SUNGBOON EDITOR Top-Selling Set",SUNGBOON EDITOR Top-Selling Set,35,168.35,79.21,,False,https://global.oliveyoung.com/product/detail?prdtNo=GA250732435,https://dist.oliveyoung.com/fo/c467fea223/resources/images/common/load.png
2025-08-14,69,"HERA
					  HERA Black Cushion Foundation",HERA Black Cushion Foundation,44,57.0,22.81,,False,https://global.oliveyoung.com/product/detail?prdtNo=GA240825234,https://dist.oliveyoung.com/fo/c467fea223/resources/images/common/load.png
2025-08-14,70,"VT
					  VT Reedle Shot 100 Essence 50mL Set (+Reedle Shot 300 1ml*3 +PDRN Essence 1.5ml*3)",VT Reedle Shot 100 Essence 50mL Set (+Reedle Shot 300 1ml*3 +PDRN Essence 1.5ml*3),26,32.0,18.75,,False,https://global.oliveyoung.com/product/detail?prdtNo=GA250631564,https://dist.oliveyoung.com/fo/c467fea223/resources/images/common/load.png
2025-08-14,71,"MEDIHEAL
					  MEDIHEAL Toner Pad 100 Pads (7types Madecassoside Collagen etc)",MEDIHEAL Toner Pad 100 Pads (7types Madecassoside Collagen etc),9,35.0,74.29,,False,https://global.oliveyoung.com/product/detail?prdtNo=GA220815951,https://dist.oliveyoung.com/fo/c467fea223/resources/images/common/load.png
2025-08-14,72,"Torriden
					  Torriden Dive In Serum 50mL Special Set (+Multi Pad 10P)",Torriden Dive In Serum 50mL Special Set (+Multi Pad 10P),26,26.0,0.0,,False,https://global.oliveyoung.com/product/detail?prdtNo=GA230920410,https://dist.oliveyoung.com/fo/c467fea223/resources/images/common/load.png
2025-08-14,73,"Torriden
					  [GANADI EDITION] Torriden Dive-In Low Molecular Hyaluronic Acid Soothing Cream 100ml Double Pack (+Pouch Keyring)",[GANADI EDITION] Torriden Dive-In Low Molecular Hyaluronic Acid Soothing Cream 100ml Double Pack (+Pouch Keyring),36,75.0,52.0,,False,https://global.oliveyoung.com/product/detail?prdtNo=GA250732128,https://dist.oliveyoung.com/fo/c467fea223/resources/images/common/load.png
2025-08-14,74,"DELIGHT PROJECT
					  Delight project Corn & Castella Protein Shake 7ea",Delight project Corn & Castella Protein Shake 7ea,20,28.0,28.57,,False,https://global.oliveyoung.com/product/detail?prdtNo=GA240724550,https://cdn-image.oliveyoung.com/prdtImg/1032/0f5c7473-454e-44ce-b551-f63c61bb2abd.jpg?RS=810x810&AR=0&SF=webp&QT=80
2025-08-14,75,"AESTURA
					  AESTURA Derma UV365 Barrier Hydro Mineral Sunscreen 40ml Set (+20ml)",AESTURA Derma UV365 Barrier Hydro Mineral Sunscreen 40ml Set (+20ml),32,80.0,60.0,,False,https://global.oliveyoung.com/product/detail?prdtNo=GA240624151,https://cdn-image.oliveyoung.com/prdtImg/1370/7bf12d14-4d3a-4af2-a8d7-024389b4c334.jpg?RS=810x810&AR=0&SF=webp&QT=80
2025-08-14,76,"CAREPLUS
					  CAREPLUS Scar Cover Spot Patch 324P (RENEWAL)",CAREPLUS Scar Cover Spot Patch 324P (RENEWAL),12,21.0,42.86,,False,https://global.oliveyoung.com/product/detail?prdtNo=GA250329366,https://cdn-image.oliveyoung.com/prdtImg/1905/8a6c4233-8322-4275-934e-92ca145b36c1.jpg?RS=810x810&AR=0&SF=webp&QT=80
2025-08-14,77,"ILLIYOON
					  ILLIYOON Fresh Moisture Scrub Wash 400ml*2ea Set",ILLIYOON Fresh Moisture Scrub Wash 400ml*2ea Set,20,72.0,72.22,,False,https://global.oliveyoung.com/product/detail?prdtNo=GA250430397,https://cdn-image.oliveyoung.com/prdtImg/1248/085ade32-784e-4367-b53c-d5297c02d805.jpg?RS=810x810&AR=0&SF=webp&QT=80
2025-08-14,78,"HERA
					  HERA Black Cushion Refill 15g",HERA Black Cushion Refill 15g,38,38.0,0.0,,False,https://global.oliveyoung.com/product/detail?prdtNo=GA240825269,https://cdn-image.oliveyoung.com/prdtImg/1269/8c3a0755-34b6-47df-a21a-9da27f88f304.jpg?RS=810x810&AR=0&SF=webp&QT=80
2025-08-14,79,"INNISFREE
					  INNISFREE Retinol Cica Repair Ampoule 30ml Double Pack",INNISFREE Retinol Cica Repair Ampoule 30ml Double Pack,34,72.0,52.78,,False,https://global.oliveyoung.com/product/detail?prdtNo=GA250732068,https://cdn-image.oliveyoung.com/prdtImg/1697/66a9e3b7-4dac-411a-8e6a-8b38cf21164a.jpg?RS=810x810&AR=0&SF=webp&QT=80
2025-08-14,80,"ROUND LAB
					  ROUND LAB BIRCH JUICE MOISTURIZING SUNSCREEN 50ml Set",ROUND LAB BIRCH JUICE MOISTURIZING SUNSCREEN 50ml Set,20,30.0,33.33,,False,https://global.oliveyoung.com/product/detail?prdtNo=GA210004685,https://cdn-image.oliveyoung.com/prdtImg/1266/ca35f0fd-8fb9-42b9-9914-4f650e6b980f.jpg?RS=810x810&AR=0&SF=webp&QT=80
2025-08-14,81,"FOODOLOGY
					  FOODOLOGY Coleology PRO 600mg*60 Tablets (1-month supply)",FOODOLOGY Coleology PRO 600mg*60 Tablets (1-month supply),36,91.0,60.44,,False,https://global.oliveyoung.com/product/detail?prdtNo=GA250631343,https://cdn-image.oliveyoung.com/prdtImg/1075/e76c4d7f-dc80-437d-a3d2-3dd7170ae1f9.jpg?RS=810x810&AR=0&SF=webp&QT=80
2025-08-14,82,"JUNGSAEMMOOL
					  JUNGSAEMMOOL Essential Skin Nuder Cushion",JUNGSAEMMOOL Essential Skin Nuder Cushion,45,45.0,0.0,,False,https://global.oliveyoung.com/product/detail?prdtNo=GA210002919,https://cdn-image.oliveyoung.com/prdtImg/1694/42d21691-fc1e-4367-b30c-8e3ed39377ff.jpg?RS=810x810&AR=0&SF=webp&QT=80
2025-08-14,83,"Beauty of Joseon
					  Beauty of Joseon Revive Eye Serum Ginseng + Retinol 30mL",Beauty of Joseon Revive Eye Serum Ginseng + Retinol 30mL,13,60.0,78.33,,False,https://global.oliveyoung.com/product/detail?prdtNo=GA220816048,https://cdn-image.oliveyoung.com/prdtImg/1664/5d2a4596-8143-47ac-86e8-4a9a8493cd19.jpg?RS=810x810&AR=0&SF=webp&QT=80
2025-08-14,84,"celimax
					  Celimax The Real Noni Energy Ampoule 80ml Special Set (+Ampoule 10ml)",Celimax The Real Noni Energy Ampoule 80ml Special Set (+Ampoule 10ml),10,39.0,74.36,,False,https://global.oliveyoung.com/product/detail?prdtNo=GA240423022,https://cdn-image.oliveyoung.com/prdtImg/1672/291d42ab-9aee-4b15-b807-dde6f7ff3920.jpg?RS=810x810&AR=0&SF=webp&QT=80
2025-08-14,85,"ETUDE
					  [Tanning Cinnamoroll] Curl Fix Mascara 1+1 (+Mini Mascara)",[Tanning Cinnamoroll] Curl Fix Mascara 1+1 (+Mini Mascara),15,49.0,69.39,,False,https://global.oliveyoung.com/product/detail?prdtNo=GA250631684,https://cdn-image.oliveyoung.com/prdtImg/1611/4f3eb014-906f-47aa-aa3f-e181270f4c0f.jpg?RS=810x810&AR=0&SF=webp&QT=80
2025-08-14,86,"SKINFOOD
					  SKINFOOD Carrot Carotene Calming Water Pad 60P Double Set",SKINFOOD Carrot Carotene Calming Water Pad 60P Double Set,31,49.0,36.73,,False,https://global.oliveyoung.com/product/detail?prdtNo=GA250430137,https://cdn-image.oliveyoung.com/prdtImg/1542/77bf5138-5423-4fff-8c8a-4bfa8d26a8fd.jpg?RS=810x810&AR=0&SF=webp&QT=80
2025-08-14,87,"SKIN1004
					  SKIN1004 Madagascar Centella Light Cleansing Oil 200mL",SKIN1004 Madagascar Centella Light Cleansing Oil 200mL,22,22.0,0.0,,False,https://global.oliveyoung.com/product/detail?prdtNo=GA220113369,https://cdn-image.oliveyoung.com/prdtImg/1060/066f86b8-7ca6-44a8-87a2-05b5f9c99777.jpg?RS=810x810&AR=0&SF=webp&QT=80
2025-08-14,88,"ILLIYOON
					  ILLIYOON Cearmide Ato Concentrate Cream 150mL*2ea",ILLIYOON Cearmide Ato Concentrate Cream 150mL*2ea,21,92.0,77.17,,False,https://global.oliveyoung.com/product/detail?prdtNo=GA250127972,https://cdn-image.oliveyoung.com/prdtImg/1043/7539b0da-3f45-4ffa-8fae-74d9172c9b87.jpg?RS=810x810&AR=0&SF=webp&QT=80
2025-08-14,89,"Torriden
					  Torriden Solid In Ceramide Lip Essence 11mL 1+1",Torriden Solid In Ceramide Lip Essence 11mL 1+1,9,60.0,85.0,,False,https://global.oliveyoung.com/product/detail?prdtNo=GA220213584,https://cdn-image.oliveyoung.com/prdtImg/1743/bab20763-38d5-4362-81fb-535759d9a2c9.png?RS=810x810&AR=0&SF=webp&QT=80
2025-08-14,90,"MEDIHEAL
					  MEDIHEAL Collagen Essential Mask Sheet Core Firming 10ea Set (1ea)",MEDIHEAL Collagen Essential Mask Sheet Core Firming 10ea Set (1ea),13,50.0,74.0,,False,https://global.oliveyoung.com/product/detail?prdtNo=GA250329470,https://cdn-image.oliveyoung.com/prdtImg/1079/e82c506d-c3e4-4cee-97fd-f4bf211f3a71.jpg?RS=810x810&AR=0&SF=webp&QT=80
2025-08-14,91,"Seapuri
					  Seapuri Dr. 33 Hair Ampoule 20ml 1+1 Set",Seapuri Dr. 33 Hair Ampoule 20ml 1+1 Set,36,48.0,25.0,,False,https://global.oliveyoung.com/product/detail?prdtNo=GA241026134,https://cdn-image.oliveyoung.com/prdtImg/1892/2d178a3b-c3c0-4c7a-af37-dbe052e9a09d.jpg?RS=810x810&AR=0&SF=webp&QT=80
2025-08-14,92,"Dr.G
					  Dr.G Red Blemish Soothing Up Sun 50mL 1+1 Special Set",Dr.G Red Blemish Soothing Up Sun 50mL 1+1 Special Set,21,84.0,75.0,,False,https://global.oliveyoung.com/product/detail?prdtNo=GA240222102,https://cdn-image.oliveyoung.com/prdtImg/1424/053c254f-5077-45ed-82d0-eceebb3a7a0f.jpg?RS=810x810&AR=0&SF=webp&QT=80
2025-08-14,93,"grn+
					  grn+ Dahong Fat Burning 63 Capsules (21-day supply)",grn+ Dahong Fat Burning 63 Capsules (21-day supply),34,76.0,55.26,,False,https://global.oliveyoung.com/product/detail?prdtNo=GA241026303,https://cdn-image.oliveyoung.com/prdtImg/1508/c05bebe1-7819-4012-b809-262f305bdd6b.jpg?RS=810x810&AR=0&SF=webp&QT=80
